<?xml version="1.0" encoding="utf-8"?>
<install type="component" version="1.5.0">
 <name>Japoweb</name>
 <!-- The following elements are optional and free of formatting constraints -->
 <creationDate>2011/10/09</creationDate>
 <author>Pere Fonolleda</author>
 <authorEmail>peterpunkz@gmail.com</authorEmail>
 <authorUrl>http://www.kaitenstudios.com</authorUrl>
 <copyright>Copyright Info</copyright>
 <license>License Info</license>
 <!--  The version string is recorded in the components table -->
 <version>1.01</version>
 <!-- The description is optional and defaults to the name -->
 <description>Description of the component ...</description>
 
 <!-- Site Main File Copy Section -->
 <!-- Note the folder attribute: This attribute describes the folder
      to copy FROM in the package to install therefore files copied
      in this section are copied from /site/ in the package -->
 <files folder="site">
  <filename>controller.php</filename>
  <filename>japoweb.php</filename>
  <filename>index.html</filename>
  <filename>views/index.html</filename>
  <filename>views/default/index.html</filename>
  <filename>views/default/view.html.php</filename>
  <filename>views/default/tmpl/default.php</filename>
  <filename>views/default/tmpl/index.html</filename>
 </files>
 
 <administration>
  <!-- Administration Menu Section -->
  <menu>Japoweb</menu>
 
  <!-- Administration Main File Copy Section -->
  <files folder="admin">
   <filename>japoweb.php</filename>
   <filename>index.html</filename>
  </files>
 
 </administration>
</install>
